Player Name,Player Image,Jersey Number,Position,Height,Weight,Nationality,Flag Image,Starter,Appearances,Minutes Played,Goals,Assists,Clean Sheets,Saves
Player 1,/test-player.png,203,Goalkeeper,179,78,German,https://cdn-icons-png.flaticon.com/512/197/197571.png,No,6,1351,4,1,7,47
Player 2,/test-player.png,345,Defender,191,76,French,https://cdn-icons-png.flaticon.com/512/197/197560.png,No,6,314,2,0,4,11
Player 3,/test-player.png,569,Defender,188,65,Dutch,https://cdn-icons-png.flaticon.com/512/197/197441.png,No,9,177,1,2,6,6
Player 4,/test-player.png,129,Midfielder,179,70,Dutch,https://cdn-icons-png.flaticon.com/512/197/197441.png,No,5,78,3,4,0,17
Player 5,/test-player.png,483,Goalkeeper,167,61,Argentinian,https://cdn-icons-png.flaticon.com/512/197/197573.png,No,18,1267,6,2,2,23
Player 6,/test-player.png,289,Midfielder,198,63,Brazilian,https://cdn-icons-png.flaticon.com/512/197/197386.png,No,2,306,6,2,2,29
Player 7,/test-player.png,496,Midfielder,196,70,German,https://cdn-icons-png.flaticon.com/512/197/197571.png,No,16,1281,2,3,0,20
Player 8,/test-player.png,480,Forward,194,92,French,https://cdn-icons-png.flaticon.com/512/197/197560.png,No,8,423,8,2,1,14
Player 9,/test-player.png,277,Forward,190,62,Argentinian,https://cdn-icons-png.flaticon.com/512/197/197573.png,No,2,127,8,4,1,6
Player 10,/test-player.png,174,Midfielder,184,85,Dutch,https://cdn-icons-png.flaticon.com/512/197/197441.png,No,12,224,9,0,6,21
Player 11,/test-player.png,435,Defender,165,94,Italian,https://cdn-icons-png.flaticon.com/512/197/197626.png,No,12,416,4,1,5,36
Player 12,/test-player.png,577,Midfielder,172,76,Argentinian,https://cdn-icons-png.flaticon.com/512/197/197573.png,No,18,955,5,2,7,21
Player 13,/test-player.png,110,Midfielder,186,93,Spanish,https://cdn-icons-png.flaticon.com/512/197/197593.png,No,13,721,4,2,5,33
Player 14,/test-player.png,167,Goalkeeper,185,78,Argentinian,https://cdn-icons-png.flaticon.com/512/197/197573.png,No,15,1311,5,3,2,34
Player 15,/test-player.png,441,Midfielder,187,65,Italian,https://cdn-icons-png.flaticon.com/512/197/197626.png,No,15,1112,1,3,1,15
Player 16,/test-player.png,571,Defender,192,99,Spanish,https://cdn-icons-png.flaticon.com/512/197/197593.png,No,7,486,4,1,3,47
Player 17,/test-player.png,381,Goalkeeper,184,72,Dutch,https://cdn-icons-png.flaticon.com/512/197/197441.png,No,16,1235,7,2,9,7
Player 18,/test-player.png,386,Midfielder,199,63,Brazilian,https://cdn-icons-png.flaticon.com/512/197/197386.png,No,19,392,9,1,6,18
Player 19,/test-player.png,461,Forward,191,83,Spanish,https://cdn-icons-png.flaticon.com/512/197/197593.png,No,8,1446,3,3,1,23
Player 20,/test-player.png,477,Defender,183,82,Argentinian,https://cdn-icons-png.flaticon.com/512/197/197573.png,No,1,413,4,1,4,15
Player 21,/test-player.png,538,Defender,192,62,Argentinian,https://cdn-icons-png.flaticon.com/512/197/197573.png,No,0,1364,7,0,7,46
Player 22,/test-player.png,512,Midfielder,193,71,Argentinian,https://cdn-icons-png.flaticon.com/512/197/197573.png,No,14,1068,3,0,2,4
Player 23,/test-player.png,221,Defender,178,80,Argentinian,https://cdn-icons-png.flaticon.com/512/197/197573.png,No,14,514,7,1,6,6
Player 24,/test-player.png,402,Midfielder,177,62,Portuguese,https://cdn-icons-png.flaticon.com/512/197/197463.png,No,7,777,2,4,6,0
Player 25,/test-player.png,559,Defender,177,99,French,https://cdn-icons-png.flaticon.com/512/197/197560.png,No,6,1361,8,3,0,5
Player 26,/test-player.png,530,Forward,185,98,Argentinian,https://cdn-icons-png.flaticon.com/512/197/197573.png,No,3,1309,5,1,0,20
Player 27,/test-player.png,503,Goalkeeper,199,95,Argentinian,https://cdn-icons-png.flaticon.com/512/197/197573.png,No,18,1336,3,4,7,3
Player 28,/test-player.png,213,Goalkeeper,183,67,French,https://cdn-icons-png.flaticon.com/512/197/197560.png,No,18,1097,6,0,4,36
Player 29,/test-player.png,525,Forward,195,78,Dutch,https://cdn-icons-png.flaticon.com/512/197/197441.png,No,19,1065,6,4,2,36
Player 30,/test-player.png,135,Midfielder,170,74,Argentinian,https://cdn-icons-png.flaticon.com/512/197/197573.png,No,13,1432,0,0,0,25
Player 31,/test-player.png,134,Goalkeeper,177,79,Argentinian,https://cdn-icons-png.flaticon.com/512/197/197573.png,No,8,991,3,3,4,18
Player 32,/test-player.png,370,Midfielder,168,70,Argentinian,https://cdn-icons-png.flaticon.com/512/197/197573.png,No,8,773,3,2,4,30
Player 33,/test-player.png,209,Goalkeeper,197,89,French,https://cdn-icons-png.flaticon.com/512/197/197560.png,No,5,1392,0,3,5,8
Player 34,/test-player.png,457,Midfielder,193,68,Brazilian,https://cdn-icons-png.flaticon.com/512/197/197386.png,No,7,1475,9,4,3,24
Player 35,/test-player.png,521,Forward,192,85,Brazilian,https://cdn-icons-png.flaticon.com/512/197/197386.png,No,18,527,5,1,2,32
Player 36,/test-player.png,393,Defender,181,73,German,https://cdn-icons-png.flaticon.com/512/197/197571.png,No,1,685,8,4,2,11
Player 37,/test-player.png,423,Goalkeeper,174,79,Italian,https://cdn-icons-png.flaticon.com/512/197/197626.png,No,7,1424,4,2,1,25
Player 38,/test-player.png,544,Forward,168,93,German,https://cdn-icons-png.flaticon.com/512/197/197571.png,No,17,764,8,1,2,25
Player 39,/test-player.png,299,Goalkeeper,181,84,Spanish,https://cdn-icons-png.flaticon.com/512/197/197593.png,No,4,804,4,3,1,13
Player 40,/test-player.png,215,Defender,173,83,French,https://cdn-icons-png.flaticon.com/512/197/197560.png,No,13,72,7,1,7,32
Player 41,/test-player.png,340,Midfielder,197,68,Spanish,https://cdn-icons-png.flaticon.com/512/197/197593.png,No,15,1053,2,4,7,21
Player 42,/test-player.png,498,Defender,167,80,Argentinian,https://cdn-icons-png.flaticon.com/512/197/197573.png,No,8,710,0,4,0,43
Player 43,/test-player.png,214,Defender,196,86,Italian,https://cdn-icons-png.flaticon.com/512/197/197626.png,No,6,1290,4,3,7,19
Player 44,/test-player.png,543,Goalkeeper,181,78,French,https://cdn-icons-png.flaticon.com/512/197/197560.png,No,4,1059,3,0,1,7
Player 45,/test-player.png,489,Midfielder,184,80,German,https://cdn-icons-png.flaticon.com/512/197/197571.png,No,3,719,6,2,0,45
Player 46,/test-player.png,218,Midfielder,186,87,Spanish,https://cdn-icons-png.flaticon.com/512/197/197593.png,No,10,230,0,3,5,24
Player 47,/test-player.png,285,Goalkeeper,191,89,Brazilian,https://cdn-icons-png.flaticon.com/512/197/197386.png,No,6,355,3,0,9,11
Player 48,/test-player.png,286,Midfielder,197,86,German,https://cdn-icons-png.flaticon.com/512/197/197571.png,No,13,968,0,3,4,40
Player 49,/test-player.png,594,Goalkeeper,186,86,German,https://cdn-icons-png.flaticon.com/512/197/197571.png,No,19,806,3,4,6,11
Player 50,/test-player.png,563,Forward,173,67,Spanish,https://cdn-icons-png.flaticon.com/512/197/197593.png,No,0,751,0,2,3,28
Player 51,/test-player.png,152,Defender,187,63,Dutch,https://cdn-icons-png.flaticon.com/512/197/197441.png,No,9,126,4,2,7,22
Player 52,/test-player.png,532,Forward,198,76,Portuguese,https://cdn-icons-png.flaticon.com/512/197/197463.png,No,8,1282,9,0,4,11
Player 53,/test-player.png,509,Goalkeeper,166,69,Argentinian,https://cdn-icons-png.flaticon.com/512/197/197573.png,No,9,1318,2,1,6,0
Player 54,/test-player.png,121,Midfielder,187,69,German,https://cdn-icons-png.flaticon.com/512/197/197571.png,No,18,245,4,0,0,16
Player 55,/test-player.png,596,Midfielder,186,95,Italian,https://cdn-icons-png.flaticon.com/512/197/197626.png,No,18,1031,7,1,5,8
Player 56,/test-player.png,499,Midfielder,188,60,Italian,https://cdn-icons-png.flaticon.com/512/197/197626.png,No,6,518,1,3,0,29
Player 57,/test-player.png,487,Forward,193,95,Dutch,https://cdn-icons-png.flaticon.com/512/197/197441.png,No,6,704,9,1,4,12
Player 58,/test-player.png,558,Defender,177,99,Portuguese,https://cdn-icons-png.flaticon.com/512/197/197463.png,No,8,964,2,2,9,22
Player 59,/test-player.png,567,Goalkeeper,180,94,French,https://cdn-icons-png.flaticon.com/512/197/197560.png,No,2,101,8,3,1,7
Player 60,/test-player.png,132,Midfielder,193,90,Brazilian,https://cdn-icons-png.flaticon.com/512/197/197386.png,No,17,278,0,1,2,1
Player 61,/test-player.png,565,Forward,199,94,Dutch,https://cdn-icons-png.flaticon.com/512/197/197441.png,No,5,539,3,0,5,41
Player 62,/test-player.png,468,Defender,174,81,Brazilian,https://cdn-icons-png.flaticon.com/512/197/197386.png,No,10,484,6,2,0,34
Player 63,/test-player.png,339,Goalkeeper,173,64,Argentinian,https://cdn-icons-png.flaticon.com/512/197/197573.png,No,0,1048,4,4,9,45
Player 64,/test-player.png,432,Midfielder,194,99,Argentinian,https://cdn-icons-png.flaticon.com/512/197/197573.png,No,2,371,5,3,1,47
Player 65,/test-player.png,354,Forward,166,88,Dutch,https://cdn-icons-png.flaticon.com/512/197/197441.png,No,7,463,6,1,0,44
Player 66,/test-player.png,189,Forward,168,76,Brazilian,https://cdn-icons-png.flaticon.com/512/197/197386.png,No,7,1275,2,0,3,16
Player 67,/test-player.png,283,Midfielder,198,60,Spanish,https://cdn-icons-png.flaticon.com/512/197/197593.png,No,17,420,9,2,6,49
Player 68,/test-player.png,220,Goalkeeper,194,64,French,https://cdn-icons-png.flaticon.com/512/197/197560.png,No,2,1151,1,1,6,32
Player 69,/test-player.png,226,Midfielder,185,79,French,https://cdn-icons-png.flaticon.com/512/197/197560.png,No,16,421,5,4,8,49
Player 70,/test-player.png,309,Defender,189,69,Dutch,https://cdn-icons-png.flaticon.com/512/197/197441.png,No,7,418,0,1,8,29
Player 71,/test-player.png,452,Defender,165,95,Brazilian,https://cdn-icons-png.flaticon.com/512/197/197386.png,No,17,736,8,0,0,25
Player 72,/test-player.png,163,Midfielder,170,61,Spanish,https://cdn-icons-png.flaticon.com/512/197/197593.png,No,12,188,6,1,5,48
Player 73,/test-player.png,595,Goalkeeper,187,75,Spanish,https://cdn-icons-png.flaticon.com/512/197/197593.png,No,11,1386,6,4,2,22
Player 74,/test-player.png,436,Forward,198,89,Dutch,https://cdn-icons-png.flaticon.com/512/197/197441.png,No,12,499,9,0,3,18
Player 75,/test-player.png,587,Midfielder,184,73,Dutch,https://cdn-icons-png.flaticon.com/512/197/197441.png,No,5,1339,5,0,0,29
Player 76,/test-player.png,139,Forward,171,93,French,https://cdn-icons-png.flaticon.com/512/197/197560.png,No,11,483,4,4,9,7
Player 77,/test-player.png,368,Goalkeeper,178,64,Dutch,https://cdn-icons-png.flaticon.com/512/197/197441.png,No,4,879,5,4,3,17
Player 78,/test-player.png,112,Midfielder,171,64,Brazilian,https://cdn-icons-png.flaticon.com/512/197/197386.png,No,2,774,4,0,2,9
Player 79,/test-player.png,199,Midfielder,176,70,Italian,https://cdn-icons-png.flaticon.com/512/197/197626.png,No,11,1062,2,0,3,17
Player 80,/test-player.png,469,Defender,194,79,German,https://cdn-icons-png.flaticon.com/512/197/197571.png,No,15,1447,5,3,9,16
Player 81,/test-player.png,231,Forward,189,67,Italian,https://cdn-icons-png.flaticon.com/512/197/197626.png,No,6,422,2,1,8,17
Player 82,/test-player.png,531,Goalkeeper,187,60,German,https://cdn-icons-png.flaticon.com/512/197/197571.png,No,11,718,1,2,1,38
Player 83,/test-player.png,591,Defender,187,96,Portuguese,https://cdn-icons-png.flaticon.com/512/197/197463.png,No,13,583,5,2,6,3
Player 84,/test-player.png,124,Forward,199,84,Portuguese,https://cdn-icons-png.flaticon.com/512/197/197463.png,No,2,1077,2,3,2,47
Player 85,/test-player.png,363,Midfielder,184,91,Brazilian,https://cdn-icons-png.flaticon.com/512/197/197386.png,No,16,1457,6,0,9,23
Player 86,/test-player.png,552,Forward,194,96,Argentinian,https://cdn-icons-png.flaticon.com/512/197/197573.png,No,18,985,0,3,2,21
Player 87,/test-player.png,445,Defender,169,62,French,https://cdn-icons-png.flaticon.com/512/197/197560.png,No,18,49,7,3,5,15
Player 88,/test-player.png,529,Midfielder,190,61,Argentinian,https://cdn-icons-png.flaticon.com/512/197/197573.png,No,7,292,7,1,4,23
Player 89,/test-player.png,123,Midfielder,165,71,German,https://cdn-icons-png.flaticon.com/512/197/197571.png,No,13,1338,9,3,7,30
Player 90,/test-player.png,582,Midfielder,174,64,German,https://cdn-icons-png.flaticon.com/512/197/197571.png,No,17,236,4,4,0,11
Player 91,/test-player.png,460,Midfielder,168,76,Argentinian,https://cdn-icons-png.flaticon.com/512/197/197573.png,No,9,1318,5,1,5,33
Player 92,/test-player.png,394,Goalkeeper,173,72,German,https://cdn-icons-png.flaticon.com/512/197/197571.png,No,7,272,3,2,8,16
Player 93,/test-player.png,326,Defender,194,67,Brazilian,https://cdn-icons-png.flaticon.com/512/197/197386.png,No,17,1403,6,1,4,41
Player 94,/test-player.png,550,Goalkeeper,189,61,German,https://cdn-icons-png.flaticon.com/512/197/197571.png,No,18,189,6,2,6,47
Player 95,/test-player.png,116,Defender,191,86,French,https://cdn-icons-png.flaticon.com/512/197/197560.png,No,18,459,6,0,5,0
Player 96,/test-player.png,562,Defender,168,93,Argentinian,https://cdn-icons-png.flaticon.com/512/197/197573.png,No,2,1281,1,2,3,32
Player 97,/test-player.png,429,Forward,181,79,Dutch,https://cdn-icons-png.flaticon.com/512/197/197441.png,No,18,277,7,0,8,38
Player 98,/test-player.png,295,Goalkeeper,182,64,French,https://cdn-icons-png.flaticon.com/512/197/197560.png,No,5,1073,1,1,5,17
Player 99,/test-player.png,580,Midfielder,182,64,Spanish,https://cdn-icons-png.flaticon.com/512/197/197593.png,No,3,74,0,2,9,44
Player 100,/test-player.png,403,Forward,173,78,Argentinian,https://cdn-icons-png.flaticon.com/512/197/197573.png,No,12,1149,9,4,2,38
Player 101,/test-player.png,180,Defender,194,67,French,https://cdn-icons-png.flaticon.com/512/197/197560.png,No,10,1407,5,1,7,22
Player 102,/test-player.png,222,Forward,174,74,Argentinian,https://cdn-icons-png.flaticon.com/512/197/197573.png,No,5,1437,1,0,6,1
Player 103,/test-player.png,329,Defender,173,99,Argentinian,https://cdn-icons-png.flaticon.com/512/197/197573.png,No,17,276,2,4,1,29
Player 104,/test-player.png,575,Defender,166,98,Argentinian,https://cdn-icons-png.flaticon.com/512/197/197573.png,No,1,64,4,4,8,34
Player 105,/test-player.png,568,Goalkeeper,166,72,German,https://cdn-icons-png.flaticon.com/512/197/197571.png,No,5,1195,7,2,0,38
Player 106,/test-player.png,592,Goalkeeper,169,92,Argentinian,https://cdn-icons-png.flaticon.com/512/197/197573.png,No,2,710,0,3,3,28
Player 107,/test-player.png,359,Midfielder,177,74,Argentinian,https://cdn-icons-png.flaticon.com/512/197/197573.png,No,12,104,5,4,2,42
Player 108,/test-player.png,149,Midfielder,171,73,Brazilian,https://cdn-icons-png.flaticon.com/512/197/197386.png,No,6,676,6,1,8,11
Player 109,/test-player.png,247,Goalkeeper,165,80,Argentinian,https://cdn-icons-png.flaticon.com/512/197/197573.png,No,8,1375,0,0,1,27
Player 110,/test-player.png,315,Midfielder,177,83,Italian,https://cdn-icons-png.flaticon.com/512/197/197626.png,No,17,972,2,3,4,29
Player 111,/test-player.png,516,Goalkeeper,176,94,Spanish,https://cdn-icons-png.flaticon.com/512/197/197593.png,No,18,64,8,2,0,33
Player 112,/test-player.png,547,Forward,180,87,Italian,https://cdn-icons-png.flaticon.com/512/197/197626.png,No,0,776,3,2,1,30
Player 113,/test-player.png,267,Forward,191,60,Spanish,https://cdn-icons-png.flaticon.com/512/197/197593.png,No,19,920,7,0,1,13
Player 114,/test-player.png,428,Defender,176,68,Argentinian,https://cdn-icons-png.flaticon.com/512/197/197573.png,No,5,252,2,2,0,21
Player 115,/test-player.png,160,Goalkeeper,199,68,Brazilian,https://cdn-icons-png.flaticon.com/512/197/197386.png,No,14,619,6,2,0,14
Player 116,/test-player.png,449,Forward,175,64,Spanish,https://cdn-icons-png.flaticon.com/512/197/197593.png,No,17,294,6,0,8,13
Player 117,/test-player.png,369,Forward,188,92,Brazilian,https://cdn-icons-png.flaticon.com/512/197/197386.png,No,3,1203,7,2,8,36
Player 118,/test-player.png,296,Defender,195,71,French,https://cdn-icons-png.flaticon.com/512/197/197560.png,No,15,1432,4,2,7,20
Player 119,/test-player.png,467,Defender,180,88,Argentinian,https://cdn-icons-png.flaticon.com/512/197/197573.png,No,11,381,2,2,4,22
Player 120,/test-player.png,208,Forward,188,66,Argentinian,https://cdn-icons-png.flaticon.com/512/197/197573.png,No,17,682,9,4,5,24
Player 121,/test-player.png,141,Midfielder,179,60,French,https://cdn-icons-png.flaticon.com/512/197/197560.png,No,8,751,0,1,8,30
Player 122,/test-player.png,511,Forward,180,73,Argentinian,https://cdn-icons-png.flaticon.com/512/197/197573.png,No,4,359,6,2,7,38
Player 123,/test-player.png,450,Midfielder,190,81,Argentinian,https://cdn-icons-png.flaticon.com/512/197/197573.png,No,9,296,5,4,2,2
Player 124,/test-player.png,408,Defender,194,75,Italian,https://cdn-icons-png.flaticon.com/512/197/197626.png,No,10,20,5,0,5,23
Player 125,/test-player.png,282,Defender,175,87,French,https://cdn-icons-png.flaticon.com/512/197/197560.png,No,0,1314,1,1,6,31
Player 126,/test-player.png,138,Midfielder,179,67,German,https://cdn-icons-png.flaticon.com/512/197/197571.png,No,3,214,7,0,3,20
Player 127,/test-player.png,341,Forward,166,78,Dutch,https://cdn-icons-png.flaticon.com/512/197/197441.png,No,19,1412,9,2,3,5
Player 128,/test-player.png,305,Forward,184,81,Portuguese,https://cdn-icons-png.flaticon.com/512/197/197463.png,No,16,641,7,4,0,3
Player 129,/test-player.png,361,Forward,174,84,Argentinian,https://cdn-icons-png.flaticon.com/512/197/197573.png,No,14,221,3,0,6,28
Player 130,/test-player.png,470,Goalkeeper,197,77,Brazilian,https://cdn-icons-png.flaticon.com/512/197/197386.png,No,13,1104,3,2,9,43
Player 131,/test-player.png,588,Defender,181,74,Argentinian,https://cdn-icons-png.flaticon.com/512/197/197573.png,No,15,1231,7,0,8,35
Player 132,/test-player.png,248,Midfielder,169,82,Argentinian,https://cdn-icons-png.flaticon.com/512/197/197573.png,No,5,1399,0,0,7,4
Player 133,/test-player.png,273,Goalkeeper,191,82,German,https://cdn-icons-png.flaticon.com/512/197/197571.png,No,4,478,2,3,8,5
Player 134,/test-player.png,391,Goalkeeper,199,78,Argentinian,https://cdn-icons-png.flaticon.com/512/197/197573.png,No,6,177,2,1,3,8
Player 135,/test-player.png,418,Defender,168,71,Argentinian,https://cdn-icons-png.flaticon.com/512/197/197573.png,No,5,1003,7,0,0,42
Player 136,/test-player.png,187,Midfielder,176,83,Spanish,https://cdn-icons-png.flaticon.com/512/197/197593.png,No,7,1190,5,1,2,41
Player 137,/test-player.png,476,Defender,171,81,Italian,https://cdn-icons-png.flaticon.com/512/197/197626.png,No,15,69,8,2,8,34
Player 138,/test-player.png,265,Midfielder,186,89,German,https://cdn-icons-png.flaticon.com/512/197/197571.png,No,14,15,1,2,9,3
Player 139,/test-player.png,464,Defender,182,90,Italian,https://cdn-icons-png.flaticon.com/512/197/197626.png,No,10,1161,5,4,4,13
Player 140,/test-player.png,598,Goalkeeper,184,65,Argentinian,https://cdn-icons-png.flaticon.com/512/197/197573.png,No,6,1244,5,0,0,30
Player 141,/test-player.png,323,Defender,173,82,Portuguese,https://cdn-icons-png.flaticon.com/512/197/197463.png,No,13,1358,5,4,1,43
Player 142,/test-player.png,500,Midfielder,165,92,Argentinian,https://cdn-icons-png.flaticon.com/512/197/197573.png,No,15,1446,7,4,2,15
Player 143,/test-player.png,261,Goalkeeper,192,72,German,https://cdn-icons-png.flaticon.com/512/197/197571.png,No,16,1017,6,0,6,22
Player 144,/test-player.png,102,Goalkeeper,184,88,Dutch,https://cdn-icons-png.flaticon.com/512/197/197441.png,No,11,410,5,0,6,7
Player 145,/test-player.png,122,Midfielder,196,84,Spanish,https://cdn-icons-png.flaticon.com/512/197/197593.png,No,13,1117,9,4,2,11
Player 146,/test-player.png,185,Midfielder,189,63,Brazilian,https://cdn-icons-png.flaticon.com/512/197/197386.png,No,19,439,2,3,6,48
Player 147,/test-player.png,446,Goalkeeper,167,78,Argentinian,https://cdn-icons-png.flaticon.com/512/197/197573.png,No,1,312,4,2,3,15
Player 148,/test-player.png,228,Goalkeeper,179,76,Italian,https://cdn-icons-png.flaticon.com/512/197/197626.png,No,5,25,6,3,7,49
Player 149,/test-player.png,211,Goalkeeper,168,81,Argentinian,https://cdn-icons-png.flaticon.com/512/197/197573.png,No,13,1263,1,2,6,18
Player 150,/test-player.png,414,Forward,195,66,Brazilian,https://cdn-icons-png.flaticon.com/512/197/197386.png,No,7,900,4,0,7,28
Player 151,/test-player.png,479,Goalkeeper,192,71,Argentinian,https://cdn-icons-png.flaticon.com/512/197/197573.png,No,11,1327,4,0,0,14
Player 152,/test-player.png,164,Goalkeeper,182,76,Spanish,https://cdn-icons-png.flaticon.com/512/197/197593.png,No,3,1344,5,4,4,42
Player 153,/test-player.png,360,Goalkeeper,178,66,Italian,https://cdn-icons-png.flaticon.com/512/197/197626.png,No,0,704,0,3,8,45
Player 154,/test-player.png,269,Midfielder,178,97,Argentinian,https://cdn-icons-png.flaticon.com/512/197/197573.png,No,5,279,6,0,1,27
Player 155,/test-player.png,217,Forward,185,72,Argentinian,https://cdn-icons-png.flaticon.com/512/197/197573.png,No,12,815,9,3,5,40
Player 156,/test-player.png,131,Forward,189,78,Argentinian,https://cdn-icons-png.flaticon.com/512/197/197573.png,No,1,931,0,0,7,34
Player 157,/test-player.png,519,Forward,166,77,Italian,https://cdn-icons-png.flaticon.com/512/197/197626.png,No,7,1342,3,4,7,27
Player 158,/test-player.png,573,Midfielder,185,92,Argentinian,https://cdn-icons-png.flaticon.com/512/197/197573.png,No,0,290,6,3,8,26
Player 159,/test-player.png,202,Defender,178,76,French,https://cdn-icons-png.flaticon.com/512/197/197560.png,No,0,983,8,1,6,45
Player 160,/test-player.png,243,Defender,173,69,Dutch,https://cdn-icons-png.flaticon.com/512/197/197441.png,No,18,1421,9,0,8,13
Player 161,/test-player.png,262,Midfielder,199,93,Argentinian,https://cdn-icons-png.flaticon.com/512/197/197573.png,No,7,200,6,3,3,45
Player 162,/test-player.png,111,Defender,180,67,Argentinian,https://cdn-icons-png.flaticon.com/512/197/197573.png,No,11,871,5,1,4,42
Player 163,/test-player.png,291,Defender,199,80,Italian,https://cdn-icons-png.flaticon.com/512/197/197626.png,No,12,1173,7,0,4,22
Player 164,/test-player.png,520,Goalkeeper,190,77,Brazilian,https://cdn-icons-png.flaticon.com/512/197/197386.png,No,9,1056,4,1,1,35
Player 165,/test-player.png,576,Defender,195,90,Portuguese,https://cdn-icons-png.flaticon.com/512/197/197463.png,No,13,151,7,2,9,26
Player 166,/test-player.png,437,Forward,189,87,Argentinian,https://cdn-icons-png.flaticon.com/512/197/197573.png,No,12,196,0,3,4,47
Player 167,/test-player.png,581,Defender,172,75,Argentinian,https://cdn-icons-png.flaticon.com/512/197/197573.png,No,12,671,1,4,9,38
Player 168,/test-player.png,522,Goalkeeper,168,82,German,https://cdn-icons-png.flaticon.com/512/197/197571.png,No,13,886,8,4,6,0
Player 169,/test-player.png,198,Defender,184,81,German,https://cdn-icons-png.flaticon.com/512/197/197571.png,No,18,1399,8,0,1,43
Player 170,/test-player.png,150,Forward,167,99,Argentinian,https://cdn-icons-png.flaticon.com/512/197/197573.png,No,7,1319,0,0,9,33
Player 171,/test-player.png,284,Goalkeeper,182,77,Brazilian,https://cdn-icons-png.flaticon.com/512/197/197386.png,No,15,290,5,4,1,14
Player 172,/test-player.png,219,Forward,182,68,Portuguese,https://cdn-icons-png.flaticon.com/512/197/197463.png,No,6,754,9,3,3,14
Player 173,/test-player.png,555,Forward,185,65,French,https://cdn-icons-png.flaticon.com/512/197/197560.png,No,19,981,8,3,4,10
Player 174,/test-player.png,515,Forward,181,78,German,https://cdn-icons-png.flaticon.com/512/197/197571.png,No,7,1378,4,4,1,35
Player 175,/test-player.png,383,Goalkeeper,175,96,Argentinian,https://cdn-icons-png.flaticon.com/512/197/197573.png,No,18,46,6,3,3,11
Player 176,/test-player.png,275,Defender,185,83,German,https://cdn-icons-png.flaticon.com/512/197/197571.png,No,2,998,9,1,0,1
Player 177,/test-player.png,585,Goalkeeper,188,96,Argentinian,https://cdn-icons-png.flaticon.com/512/197/197573.png,No,2,72,3,0,0,0
Player 178,/test-player.png,303,Defender,165,89,Brazilian,https://cdn-icons-png.flaticon.com/512/197/197386.png,No,5,1057,8,3,4,30
Player 179,/test-player.png,590,Defender,180,89,French,https://cdn-icons-png.flaticon.com/512/197/197560.png,No,6,513,2,2,8,15
Player 180,/test-player.png,249,Goalkeeper,183,73,Spanish,https://cdn-icons-png.flaticon.com/512/197/197593.png,No,2,534,4,1,7,27
Player 181,/test-player.png,434,Forward,181,85,Spanish,https://cdn-icons-png.flaticon.com/512/197/197593.png,No,9,985,0,3,3,12
Player 182,/test-player.png,133,Defender,176,85,Italian,https://cdn-icons-png.flaticon.com/512/197/197626.png,No,12,1264,5,4,1,42
Player 183,/test-player.png,103,Defender,171,72,Argentinian,https://cdn-icons-png.flaticon.com/512/197/197573.png,No,12,1453,5,4,4,10
Player 184,/test-player.png,376,Forward,171,93,Brazilian,https://cdn-icons-png.flaticon.com/512/197/197386.png,No,10,267,8,2,0,43
Player 185,/test-player.png,297,Goalkeeper,196,73,Brazilian,https://cdn-icons-png.flaticon.com/512/197/197386.png,No,16,590,8,3,1,0
Player 186,/test-player.png,506,Defender,166,78,German,https://cdn-icons-png.flaticon.com/512/197/197571.png,No,10,158,0,4,1,19
Player 187,/test-player.png,239,Goalkeeper,173,96,French,https://cdn-icons-png.flaticon.com/512/197/197560.png,No,2,465,0,1,0,29
Player 188,/test-player.png,422,Defender,176,94,French,https://cdn-icons-png.flaticon.com/512/197/197560.png,No,16,246,4,3,7,40
Player 189,/test-player.png,161,Forward,182,66,Brazilian,https://cdn-icons-png.flaticon.com/512/197/197386.png,No,6,19,4,2,8,33
Player 190,/test-player.png,415,Forward,181,61,German,https://cdn-icons-png.flaticon.com/512/197/197571.png,No,19,650,3,3,3,14
Player 191,/test-player.png,157,Goalkeeper,185,61,Spanish,https://cdn-icons-png.flaticon.com/512/197/197593.png,No,1,914,8,1,0,38
Player 192,/test-player.png,456,Forward,182,84,Argentinian,https://cdn-icons-png.flaticon.com/512/197/197573.png,No,19,679,3,1,7,29
Player 193,/test-player.png,570,Forward,187,65,Portuguese,https://cdn-icons-png.flaticon.com/512/197/197463.png,No,4,1157,9,1,4,20
Player 194,/test-player.png,330,Forward,182,88,Argentinian,https://cdn-icons-png.flaticon.com/512/197/197573.png,No,11,859,7,3,4,17
Player 195,/test-player.png,194,Forward,187,76,Argentinian,https://cdn-icons-png.flaticon.com/512/197/197573.png,No,11,624,0,1,3,38
Player 196,/test-player.png,356,Midfielder,171,95,Portuguese,https://cdn-icons-png.flaticon.com/512/197/197463.png,No,19,46,7,4,6,10
Player 197,/test-player.png,407,Midfielder,175,90,French,https://cdn-icons-png.flaticon.com/512/197/197560.png,No,0,351,4,0,7,42
Player 198,/test-player.png,148,Midfielder,167,93,Dutch,https://cdn-icons-png.flaticon.com/512/197/197441.png,No,9,114,5,2,0,34
Player 199,/test-player.png,236,Goalkeeper,189,92,Argentinian,https://cdn-icons-png.flaticon.com/512/197/197573.png,No,13,1056,8,3,8,25
Player 200,/test-player.png,378,Forward,168,74,French,https://cdn-icons-png.flaticon.com/512/197/197560.png,No,16,436,8,1,4,20
Player 201,/test-player.png,475,Midfielder,189,84,Portuguese,https://cdn-icons-png.flaticon.com/512/197/197463.png,No,1,923,6,0,3,28
Player 202,/test-player.png,334,Defender,182,65,Dutch,https://cdn-icons-png.flaticon.com/512/197/197441.png,No,10,961,7,2,6,30
Player 203,/test-player.png,115,Defender,182,90,Argentinian,https://cdn-icons-png.flaticon.com/512/197/197573.png,No,15,484,7,1,4,41
Player 204,/test-player.png,155,Defender,180,73,Spanish,https://cdn-icons-png.flaticon.com/512/197/197593.png,No,3,800,8,2,7,37
Player 205,/test-player.png,417,Midfielder,165,92,French,https://cdn-icons-png.flaticon.com/512/197/197560.png,No,10,484,8,4,2,20
Player 206,/test-player.png,472,Forward,182,66,Portuguese,https://cdn-icons-png.flaticon.com/512/197/197463.png,No,9,1238,4,0,6,4
Player 207,/test-player.png,508,Midfielder,180,99,Dutch,https://cdn-icons-png.flaticon.com/512/197/197441.png,No,11,194,7,3,2,24
Player 208,/test-player.png,379,Midfielder,187,73,Portuguese,https://cdn-icons-png.flaticon.com/512/197/197463.png,No,19,1079,1,2,8,35
Player 209,/test-player.png,268,Goalkeeper,179,74,Argentinian,https://cdn-icons-png.flaticon.com/512/197/197573.png,No,10,325,5,1,2,0
Player 210,/test-player.png,318,Goalkeeper,166,86,German,https://cdn-icons-png.flaticon.com/512/197/197571.png,No,4,1266,5,2,5,32
Player 211,/test-player.png,574,Forward,170,64,Brazilian,https://cdn-icons-png.flaticon.com/512/197/197386.png,No,1,461,8,2,4,49
Player 212,/test-player.png,287,Defender,183,69,Portuguese,https://cdn-icons-png.flaticon.com/512/197/197463.png,No,10,1377,6,1,8,26
Player 213,/test-player.png,514,Forward,196,76,Argentinian,https://cdn-icons-png.flaticon.com/512/197/197573.png,No,18,697,8,1,9,16
Player 214,/test-player.png,316,Forward,185,81,Argentinian,https://cdn-icons-png.flaticon.com/512/197/197573.png,No,2,226,2,1,7,23
Player 215,/test-player.png,171,Defender,181,74,German,https://cdn-icons-png.flaticon.com/512/197/197571.png,No,13,1355,3,2,2,18
Player 216,/test-player.png,333,Forward,198,84,Dutch,https://cdn-icons-png.flaticon.com/512/197/197441.png,No,10,774,5,4,8,7
Player 217,/test-player.png,170,Goalkeeper,176,81,Portuguese,https://cdn-icons-png.flaticon.com/512/197/197463.png,No,3,605,1,3,9,8
Player 218,/test-player.png,400,Goalkeeper,178,81,Portuguese,https://cdn-icons-png.flaticon.com/512/197/197463.png,No,5,990,9,0,6,36
Player 219,/test-player.png,524,Midfielder,188,90,Dutch,https://cdn-icons-png.flaticon.com/512/197/197441.png,No,13,971,8,4,2,25
Player 220,/test-player.png,419,Defender,183,72,Portuguese,https://cdn-icons-png.flaticon.com/512/197/197463.png,No,17,213,9,1,1,28
Player 221,/test-player.png,175,Defender,185,78,Argentinian,https://cdn-icons-png.flaticon.com/512/197/197573.png,No,12,1124,8,2,2,45
Player 222,/test-player.png,392,Defender,191,78,Argentinian,https://cdn-icons-png.flaticon.com/512/197/197573.png,No,12,419,0,4,1,1
Player 223,/test-player.png,281,Forward,167,73,Italian,https://cdn-icons-png.flaticon.com/512/197/197626.png,No,18,222,3,3,8,36
Player 224,/test-player.png,541,Defender,170,87,French,https://cdn-icons-png.flaticon.com/512/197/197560.png,No,14,564,2,1,3,31
Player 225,/test-player.png,362,Defender,183,81,German,https://cdn-icons-png.flaticon.com/512/197/197571.png,No,9,1494,1,1,4,27
Player 226,/test-player.png,374,Goalkeeper,188,61,French,https://cdn-icons-png.flaticon.com/512/197/197560.png,No,6,666,6,2,8,40
Player 227,/test-player.png,237,Defender,198,95,Brazilian,https://cdn-icons-png.flaticon.com/512/197/197386.png,No,14,768,6,1,0,16
Player 228,/test-player.png,382,Midfielder,166,64,French,https://cdn-icons-png.flaticon.com/512/197/197560.png,No,13,929,5,3,2,49
Player 229,/test-player.png,427,Forward,178,70,French,https://cdn-icons-png.flaticon.com/512/197/197560.png,No,11,1231,0,0,3,11
Player 230,/test-player.png,536,Forward,187,83,Dutch,https://cdn-icons-png.flaticon.com/512/197/197441.png,No,3,3,2,2,6,44
Player 231,/test-player.png,206,Midfielder,171,76,Dutch,https://cdn-icons-png.flaticon.com/512/197/197441.png,No,18,108,5,3,9,9
Player 232,/test-player.png,130,Defender,196,92,German,https://cdn-icons-png.flaticon.com/512/197/197571.png,No,5,438,7,2,2,15
Player 233,/test-player.png,234,Defender,168,73,French,https://cdn-icons-png.flaticon.com/512/197/197560.png,No,6,349,0,3,5,33
Player 234,/test-player.png,313,Forward,184,66,Argentinian,https://cdn-icons-png.flaticon.com/512/197/197573.png,No,2,205,2,2,3,48
Player 235,/test-player.png,278,Defender,178,79,Argentinian,https://cdn-icons-png.flaticon.com/512/197/197573.png,No,2,1342,4,3,4,28
Player 236,/test-player.png,537,Midfielder,176,89,Argentinian,https://cdn-icons-png.flaticon.com/512/197/197573.png,No,4,1030,2,2,8,12
Player 237,/test-player.png,235,Forward,173,91,Argentinian,https://cdn-icons-png.flaticon.com/512/197/197573.png,No,12,668,6,3,7,33
Player 238,/test-player.png,421,Goalkeeper,194,69,German,https://cdn-icons-png.flaticon.com/512/197/197571.png,No,7,733,4,4,2,39
Player 239,/test-player.png,358,Defender,194,76,Spanish,https://cdn-icons-png.flaticon.com/512/197/197593.png,No,0,1180,4,4,9,49
Player 240,/test-player.png,114,Forward,170,96,Dutch,https://cdn-icons-png.flaticon.com/512/197/197441.png,No,16,302,7,2,8,23
Player 241,/test-player.png,294,Midfielder,179,98,Argentinian,https://cdn-icons-png.flaticon.com/512/197/197573.png,No,9,849,8,2,8,24
Player 242,/test-player.png,245,Midfielder,174,89,Portuguese,https://cdn-icons-png.flaticon.com/512/197/197463.png,No,3,1042,7,3,4,37
Player 243,/test-player.png,397,Defender,195,97,French,https://cdn-icons-png.flaticon.com/512/197/197560.png,No,13,128,1,0,6,41
Player 244,/test-player.png,497,Defender,183,98,German,https://cdn-icons-png.flaticon.com/512/197/197571.png,No,18,723,4,0,6,47
Player 245,/test-player.png,325,Midfielder,171,95,Dutch,https://cdn-icons-png.flaticon.com/512/197/197441.png,No,12,1401,4,3,4,18
Player 246,/test-player.png,108,Defender,199,96,Spanish,https://cdn-icons-png.flaticon.com/512/197/197593.png,No,15,1342,5,3,3,31
Player 247,/test-player.png,274,Goalkeeper,198,68,German,https://cdn-icons-png.flaticon.com/512/197/197571.png,No,14,399,4,1,0,39
Player 248,/test-player.png,154,Midfielder,192,93,Brazilian,https://cdn-icons-png.flaticon.com/512/197/197386.png,No,15,922,8,4,0,18
Player 249,/test-player.png,347,Defender,175,87,Italian,https://cdn-icons-png.flaticon.com/512/197/197626.png,No,13,590,3,2,3,14
Player 250,/test-player.png,579,Forward,185,75,Argentinian,https://cdn-icons-png.flaticon.com/512/197/197573.png,No,13,1220,8,3,0,36
Player 251,/test-player.png,465,Goalkeeper,175,72,Argentinian,https://cdn-icons-png.flaticon.com/512/197/197573.png,No,3,645,3,1,4,30
Player 252,/test-player.png,447,Forward,199,70,Spanish,https://cdn-icons-png.flaticon.com/512/197/197593.png,No,11,1,6,2,6,33
Player 253,/test-player.png,279,Goalkeeper,181,80,Argentinian,https://cdn-icons-png.flaticon.com/512/197/197573.png,No,3,898,4,4,1,9
Player 254,/test-player.png,173,Goalkeeper,181,94,Portuguese,https://cdn-icons-png.flaticon.com/512/197/197463.png,No,13,1228,5,2,2,28
Player 255,/test-player.png,501,Defender,185,76,German,https://cdn-icons-png.flaticon.com/512/197/197571.png,No,11,467,1,4,9,43
Player 256,/test-player.png,244,Midfielder,173,85,Argentinian,https://cdn-icons-png.flaticon.com/512/197/197573.png,No,6,578,9,3,4,34
Player 257,/test-player.png,486,Goalkeeper,177,96,Italian,https://cdn-icons-png.flaticon.com/512/197/197626.png,No,5,532,0,4,4,49
Player 258,/test-player.png,504,Forward,197,76,Italian,https://cdn-icons-png.flaticon.com/512/197/197626.png,No,19,1318,3,4,1,15
Player 259,/test-player.png,350,Forward,173,80,Argentinian,https://cdn-icons-png.flaticon.com/512/197/197573.png,No,2,389,4,2,6,26
Player 260,/test-player.png,298,Midfielder,186,80,French,https://cdn-icons-png.flaticon.com/512/197/197560.png,No,16,1034,7,2,3,7
Player 261,/test-player.png,143,Midfielder,180,92,Italian,https://cdn-icons-png.flaticon.com/512/197/197626.png,No,6,693,6,3,9,30
Player 262,/test-player.png,257,Midfielder,196,98,Portuguese,https://cdn-icons-png.flaticon.com/512/197/197463.png,No,16,1313,8,4,6,3
Player 263,/test-player.png,474,Forward,194,99,Argentinian,https://cdn-icons-png.flaticon.com/512/197/197573.png,No,18,1166,2,1,0,26
Player 264,/test-player.png,251,Goalkeeper,194,79,Argentinian,https://cdn-icons-png.flaticon.com/512/197/197573.png,No,2,1468,2,2,9,25
Player 265,/test-player.png,271,Defender,171,81,Spanish,https://cdn-icons-png.flaticon.com/512/197/197593.png,No,4,1465,2,2,0,28
Player 266,/test-player.png,572,Goalkeeper,169,70,Brazilian,https://cdn-icons-png.flaticon.com/512/197/197386.png,No,11,516,0,4,4,29
Player 267,/test-player.png,406,Midfielder,182,87,German,https://cdn-icons-png.flaticon.com/512/197/197571.png,No,1,90,3,3,5,14
Player 268,/test-player.png,442,Goalkeeper,167,82,Italian,https://cdn-icons-png.flaticon.com/512/197/197626.png,No,18,1070,6,0,5,27
Player 269,/test-player.png,367,Forward,177,97,Argentinian,https://cdn-icons-png.flaticon.com/512/197/197573.png,No,11,817,6,2,2,41
Player 270,/test-player.png,336,Goalkeeper,194,99,French,https://cdn-icons-png.flaticon.com/512/197/197560.png,No,4,1157,3,0,7,31
Player 271,/test-player.png,314,Midfielder,176,74,German,https://cdn-icons-png.flaticon.com/512/197/197571.png,No,7,708,8,1,3,41
Player 272,/test-player.png,507,Goalkeeper,195,65,German,https://cdn-icons-png.flaticon.com/512/197/197571.png,No,15,351,8,1,0,22
Player 273,/test-player.png,593,Goalkeeper,172,69,German,https://cdn-icons-png.flaticon.com/512/197/197571.png,No,2,1327,4,2,4,43
Player 274,/test-player.png,168,Midfielder,166,98,German,https://cdn-icons-png.flaticon.com/512/197/197571.png,No,12,819,8,3,8,2
Player 275,/test-player.png,113,Forward,173,60,French,https://cdn-icons-png.flaticon.com/512/197/197560.png,No,6,1480,4,0,5,27
Player 276,/test-player.png,312,Midfielder,168,99,Argentinian,https://cdn-icons-png.flaticon.com/512/197/197573.png,No,9,79,4,4,6,32
Player 277,/test-player.png,492,Goalkeeper,195,74,French,https://cdn-icons-png.flaticon.com/512/197/197560.png,No,6,528,4,2,1,43
Player 278,/test-player.png,324,Goalkeeper,168,84,Brazilian,https://cdn-icons-png.flaticon.com/512/197/197386.png,No,9,341,2,4,0,9
Player 279,/test-player.png,375,Forward,181,73,Argentinian,https://cdn-icons-png.flaticon.com/512/197/197573.png,No,19,1380,5,0,4,37
Player 280,/test-player.png,250,Midfielder,198,70,Argentinian,https://cdn-icons-png.flaticon.com/512/197/197573.png,No,7,869,5,2,7,29
Player 281,/test-player.png,107,Goalkeeper,194,83,Argentinian,https://cdn-icons-png.flaticon.com/512/197/197573.png,No,6,1129,1,4,3,6
Player 282,/test-player.png,599,Goalkeeper,195,62,Dutch,https://cdn-icons-png.flaticon.com/512/197/197441.png,No,13,800,5,1,0,37
Player 283,/test-player.png,177,Forward,179,60,Argentinian,https://cdn-icons-png.flaticon.com/512/197/197573.png,No,8,1453,1,1,5,3
Player 284,/test-player.png,485,Goalkeeper,185,60,Italian,https://cdn-icons-png.flaticon.com/512/197/197626.png,No,4,1274,6,1,5,42
Player 285,/test-player.png,117,Goalkeeper,178,70,Dutch,https://cdn-icons-png.flaticon.com/512/197/197441.png,No,15,1374,6,1,8,41
Player 286,/test-player.png,200,Midfielder,170,90,Italian,https://cdn-icons-png.flaticon.com/512/197/197626.png,No,4,13,7,4,6,25
Player 287,/test-player.png,413,Midfielder,189,80,Italian,https://cdn-icons-png.flaticon.com/512/197/197626.png,No,11,613,1,2,4,10
Player 288,/test-player.png,233,Forward,174,63,French,https://cdn-icons-png.flaticon.com/512/197/197560.png,No,17,1041,4,1,4,35
Player 289,/test-player.png,147,Midfielder,185,78,Spanish,https://cdn-icons-png.flaticon.com/512/197/197593.png,No,7,1213,0,4,3,37
Player 290,/test-player.png,165,Goalkeeper,176,89,Argentinian,https://cdn-icons-png.flaticon.com/512/197/197573.png,No,17,413,3,3,3,36
Player 291,/test-player.png,196,Defender,190,75,Argentinian,https://cdn-icons-png.flaticon.com/512/197/197573.png,No,9,79,5,0,2,28
Player 292,/test-player.png,256,Midfielder,181,94,Brazilian,https://cdn-icons-png.flaticon.com/512/197/197386.png,No,10,871,7,1,4,10
Player 293,/test-player.png,335,Forward,170,62,Dutch,https://cdn-icons-png.flaticon.com/512/197/197441.png,No,9,925,6,0,0,28
Player 294,/test-player.png,308,Forward,179,65,German,https://cdn-icons-png.flaticon.com/512/197/197571.png,No,7,1175,5,3,5,29
Player 295,/test-player.png,321,Forward,183,88,Brazilian,https://cdn-icons-png.flaticon.com/512/197/197386.png,No,8,751,6,0,7,39
Player 296,/test-player.png,263,Forward,190,83,French,https://cdn-icons-png.flaticon.com/512/197/197560.png,No,7,1226,7,0,4,33
Player 297,/test-player.png,169,Forward,167,95,Argentinian,https://cdn-icons-png.flaticon.com/512/197/197573.png,No,16,972,7,2,2,13
Player 298,/test-player.png,493,Defender,173,85,Argentinian,https://cdn-icons-png.flaticon.com/512/197/197573.png,No,2,1387,9,4,9,25
Player 299,/test-player.png,307,Midfielder,174,98,Portuguese,https://cdn-icons-png.flaticon.com/512/197/197463.png,No,4,761,3,1,8,27
Player 300,/test-player.png,557,Defender,191,91,Spanish,https://cdn-icons-png.flaticon.com/512/197/197593.png,No,14,107,9,3,6,3
Player 301,/test-player.png,372,Goalkeeper,199,77,Dutch,https://cdn-icons-png.flaticon.com/512/197/197441.png,No,0,1265,0,0,5,48
Player 302,/test-player.png,377,Forward,192,62,French,https://cdn-icons-png.flaticon.com/512/197/197560.png,No,12,1350,8,4,5,17
Player 303,/test-player.png,353,Midfielder,187,64,German,https://cdn-icons-png.flaticon.com/512/197/197571.png,No,10,891,7,0,1,30
Player 304,/test-player.png,212,Midfielder,183,89,Spanish,https://cdn-icons-png.flaticon.com/512/197/197593.png,No,17,186,0,1,9,30
Player 305,/test-player.png,494,Forward,187,85,Spanish,https://cdn-icons-png.flaticon.com/512/197/197593.png,No,11,778,1,3,5,48
Player 306,/test-player.png,258,Forward,173,91,Spanish,https://cdn-icons-png.flaticon.com/512/197/197593.png,No,12,164,5,4,1,13
Player 307,/test-player.png,439,Midfielder,171,65,German,https://cdn-icons-png.flaticon.com/512/197/197571.png,No,1,1232,9,3,9,42
Player 308,/test-player.png,556,Goalkeeper,188,71,French,https://cdn-icons-png.flaticon.com/512/197/197560.png,No,6,1499,6,1,6,48
Player 309,/test-player.png,346,Midfielder,176,94,Argentinian,https://cdn-icons-png.flaticon.com/512/197/197573.png,No,10,542,1,4,0,40
Player 310,/test-player.png,229,Forward,195,93,German,https://cdn-icons-png.flaticon.com/512/197/197571.png,No,14,985,1,3,5,23
Player 311,/test-player.png,364,Defender,171,76,German,https://cdn-icons-png.flaticon.com/512/197/197571.png,No,6,1189,1,0,3,17
Player 312,/test-player.png,561,Defender,167,87,Portuguese,https://cdn-icons-png.flaticon.com/512/197/197463.png,No,13,427,3,4,1,27
Player 313,/test-player.png,459,Forward,178,73,Brazilian,https://cdn-icons-png.flaticon.com/512/197/197386.png,No,17,334,1,0,1,14
Player 314,/test-player.png,481,Midfielder,177,99,Spanish,https://cdn-icons-png.flaticon.com/512/197/197593.png,No,14,65,7,0,8,30
Player 315,/test-player.png,385,Defender,184,95,Argentinian,https://cdn-icons-png.flaticon.com/512/197/197573.png,No,13,914,3,1,1,32
Player 316,/test-player.png,373,Midfielder,181,66,Argentinian,https://cdn-icons-png.flaticon.com/512/197/197573.png,No,7,669,7,3,9,15
Player 317,/test-player.png,371,Defender,190,63,Argentinian,https://cdn-icons-png.flaticon.com/512/197/197573.png,No,10,517,0,2,7,15
Player 318,/test-player.png,320,Midfielder,173,68,Argentinian,https://cdn-icons-png.flaticon.com/512/197/197573.png,No,9,867,6,0,0,47
Player 319,/test-player.png,463,Defender,189,66,Argentinian,https://cdn-icons-png.flaticon.com/512/197/197573.png,No,19,1381,5,2,1,44
Player 320,/test-player.png,191,Forward,183,62,Dutch,https://cdn-icons-png.flaticon.com/512/197/197441.png,No,5,694,8,4,7,37
Player 321,/test-player.png,398,Forward,197,72,French,https://cdn-icons-png.flaticon.com/512/197/197560.png,No,12,725,3,3,6,40
Player 322,/test-player.png,106,Forward,176,67,Dutch,https://cdn-icons-png.flaticon.com/512/197/197441.png,No,9,124,2,1,8,5
Player 323,/test-player.png,225,Midfielder,192,75,Portuguese,https://cdn-icons-png.flaticon.com/512/197/197463.png,No,9,1207,7,2,5,49
Player 324,/test-player.png,584,Defender,167,75,Spanish,https://cdn-icons-png.flaticon.com/512/197/197593.png,No,11,652,2,4,7,31
Player 325,/test-player.png,232,Defender,190,76,Portuguese,https://cdn-icons-png.flaticon.com/512/197/197463.png,No,19,884,5,2,3,36
Player 326,/test-player.png,416,Midfielder,171,94,French,https://cdn-icons-png.flaticon.com/512/197/197560.png,No,0,1396,1,0,8,46
Player 327,/test-player.png,451,Forward,191,88,Dutch,https://cdn-icons-png.flaticon.com/512/197/197441.png,No,14,564,1,3,4,34
Player 328,/test-player.png,412,Goalkeeper,183,78,Dutch,https://cdn-icons-png.flaticon.com/512/197/197441.png,No,5,818,1,2,7,49
Player 329,/test-player.png,484,Defender,197,85,German,https://cdn-icons-png.flaticon.com/512/197/197571.png,No,18,617,4,2,8,38
Player 330,/test-player.png,128,Midfielder,186,95,Brazilian,https://cdn-icons-png.flaticon.com/512/197/197386.png,No,6,1347,8,2,3,49
Player 331,/test-player.png,566,Goalkeeper,192,75,Argentinian,https://cdn-icons-png.flaticon.com/512/197/197573.png,No,14,245,2,2,4,25
Player 332,/test-player.png,241,Forward,178,68,French,https://cdn-icons-png.flaticon.com/512/197/197560.png,No,3,754,7,2,5,6
Player 333,/test-player.png,184,Defender,175,94,Argentinian,https://cdn-icons-png.flaticon.com/512/197/197573.png,No,8,205,3,0,3,14
Player 334,/test-player.png,144,Defender,188,88,French,https://cdn-icons-png.flaticon.com/512/197/197560.png,No,6,581,4,2,8,14
Player 335,/test-player.png,317,Forward,169,72,Argentinian,https://cdn-icons-png.flaticon.com/512/197/197573.png,No,4,1104,9,0,5,8
Player 336,/test-player.png,411,Midfielder,175,77,Dutch,https://cdn-icons-png.flaticon.com/512/197/197441.png,No,15,315,7,4,1,23
Player 337,/test-player.png,254,Goalkeeper,173,72,Argentinian,https://cdn-icons-png.flaticon.com/512/197/197573.png,No,19,702,8,0,5,12
Player 338,/test-player.png,488,Defender,176,91,Dutch,https://cdn-icons-png.flaticon.com/512/197/197441.png,No,2,940,0,4,1,39
Player 339,/test-player.png,401,Goalkeeper,177,64,Argentinian,https://cdn-icons-png.flaticon.com/512/197/197573.png,No,17,1000,2,2,6,38
Player 340,/test-player.png,264,Goalkeeper,185,67,Argentinian,https://cdn-icons-png.flaticon.com/512/197/197573.png,No,12,517,2,4,6,16
Player 341,/test-player.png,192,Goalkeeper,191,73,Brazilian,https://cdn-icons-png.flaticon.com/512/197/197386.png,No,19,820,8,3,2,11
Player 342,/test-player.png,355,Defender,183,70,Argentinian,https://cdn-icons-png.flaticon.com/512/197/197573.png,No,0,1004,8,3,3,21
Player 343,/test-player.png,166,Midfielder,170,67,Argentinian,https://cdn-icons-png.flaticon.com/512/197/197573.png,No,0,797,6,2,2,9
Player 344,/test-player.png,246,Goalkeeper,193,86,Argentinian,https://cdn-icons-png.flaticon.com/512/197/197573.png,No,13,116,6,3,3,4
Player 345,/test-player.png,300,Forward,168,69,Argentinian,https://cdn-icons-png.flaticon.com/512/197/197573.png,No,6,1122,7,3,3,6
Player 346,/test-player.png,162,Defender,169,71,Dutch,https://cdn-icons-png.flaticon.com/512/197/197441.png,No,10,249,5,3,4,3
Player 347,/test-player.png,331,Forward,169,75,Portuguese,https://cdn-icons-png.flaticon.com/512/197/197463.png,No,9,1228,1,4,8,13
Player 348,/test-player.png,188,Forward,179,60,Argentinian,https://cdn-icons-png.flaticon.com/512/197/197573.png,No,19,1273,5,3,5,36
Player 349,/test-player.png,328,Forward,175,95,Dutch,https://cdn-icons-png.flaticon.com/512/197/197441.png,No,6,708,8,0,5,11
Player 350,/test-player.png,322,Midfielder,189,95,Italian,https://cdn-icons-png.flaticon.com/512/197/197626.png,No,11,502,2,3,6,5
Player 351,/test-player.png,526,Goalkeeper,165,73,Argentinian,https://cdn-icons-png.flaticon.com/512/197/197573.png,No,19,249,8,0,2,17
Player 352,/test-player.png,495,Goalkeeper,183,71,Argentinian,https://cdn-icons-png.flaticon.com/512/197/197573.png,No,10,541,8,1,8,22
Player 353,/test-player.png,137,Defender,192,76,Spanish,https://cdn-icons-png.flaticon.com/512/197/197593.png,No,7,1046,7,0,8,14
Player 354,/test-player.png,319,Goalkeeper,173,77,Argentinian,https://cdn-icons-png.flaticon.com/512/197/197573.png,No,13,405,6,4,1,15
Player 355,/test-player.png,535,Goalkeeper,168,89,Spanish,https://cdn-icons-png.flaticon.com/512/197/197593.png,No,2,894,3,3,1,15
Player 356,/test-player.png,409,Forward,178,82,German,https://cdn-icons-png.flaticon.com/512/197/197571.png,No,4,1419,5,0,1,9
Player 357,/test-player.png,224,Goalkeeper,199,78,Argentinian,https://cdn-icons-png.flaticon.com/512/197/197573.png,No,2,1205,2,4,2,40
Player 358,/test-player.png,348,Forward,187,97,Dutch,https://cdn-icons-png.flaticon.com/512/197/197441.png,No,17,754,9,2,2,35
Player 359,/test-player.png,280,Goalkeeper,170,97,Spanish,https://cdn-icons-png.flaticon.com/512/197/197593.png,No,1,1299,7,0,0,43
Player 360,/test-player.png,179,Defender,184,76,Argentinian,https://cdn-icons-png.flaticon.com/512/197/197573.png,No,6,894,6,1,2,17
Player 361,/test-player.png,554,Goalkeeper,175,76,Italian,https://cdn-icons-png.flaticon.com/512/197/197626.png,No,10,1290,2,2,8,4
Player 362,/test-player.png,505,Forward,170,70,French,https://cdn-icons-png.flaticon.com/512/197/197560.png,No,5,261,1,2,5,2
Player 363,/test-player.png,564,Forward,165,94,Dutch,https://cdn-icons-png.flaticon.com/512/197/197441.png,No,8,243,5,1,1,15
Player 364,/test-player.png,193,Midfielder,198,66,Argentinian,https://cdn-icons-png.flaticon.com/512/197/197573.png,No,1,1003,2,2,8,13
Player 365,/test-player.png,136,Goalkeeper,165,67,German,https://cdn-icons-png.flaticon.com/512/197/197571.png,No,15,630,3,2,9,22
Player 366,/test-player.png,216,Defender,187,87,Dutch,https://cdn-icons-png.flaticon.com/512/197/197441.png,No,0,620,9,1,4,41
Player 367,/test-player.png,260,Midfielder,172,71,Brazilian,https://cdn-icons-png.flaticon.com/512/197/197386.png,No,12,1293,0,0,1,33
Player 368,/test-player.png,405,Defender,169,97,Brazilian,https://cdn-icons-png.flaticon.com/512/197/197386.png,No,17,963,4,2,2,14
Player 369,/test-player.png,352,Forward,180,81,French,https://cdn-icons-png.flaticon.com/512/197/197560.png,No,10,1191,5,0,6,23
Player 370,/test-player.png,389,Forward,166,79,German,https://cdn-icons-png.flaticon.com/512/197/197571.png,No,7,1002,1,0,4,35
Player 371,/test-player.png,342,Midfielder,176,73,Brazilian,https://cdn-icons-png.flaticon.com/512/197/197386.png,No,11,1305,3,1,2,47
Player 372,/test-player.png,455,Defender,188,86,Argentinian,https://cdn-icons-png.flaticon.com/512/197/197573.png,No,4,1182,4,0,4,22
Player 373,/test-player.png,478,Midfielder,166,63,Dutch,https://cdn-icons-png.flaticon.com/512/197/197441.png,No,10,1259,1,4,1,33
Player 374,/test-player.png,349,Defender,190,66,French,https://cdn-icons-png.flaticon.com/512/197/197560.png,No,14,360,9,1,0,11
Player 375,/test-player.png,351,Defender,178,96,Argentinian,https://cdn-icons-png.flaticon.com/512/197/197573.png,No,17,601,7,2,4,35
Player 376,/test-player.png,583,Goalkeeper,191,86,Argentinian,https://cdn-icons-png.flaticon.com/512/197/197573.png,No,13,417,4,4,9,26
Player 377,/test-player.png,399,Forward,176,72,German,https://cdn-icons-png.flaticon.com/512/197/197571.png,No,5,113,5,1,4,35
Player 378,/test-player.png,255,Goalkeeper,191,72,Argentinian,https://cdn-icons-png.flaticon.com/512/197/197573.png,No,16,394,0,3,5,17
Player 379,/test-player.png,105,Defender,199,73,Spanish,https://cdn-icons-png.flaticon.com/512/197/197593.png,No,0,1250,9,1,3,38
Player 380,/test-player.png,433,Goalkeeper,190,79,French,https://cdn-icons-png.flaticon.com/512/197/197560.png,No,12,679,5,1,8,32
Player 381,/test-player.png,151,Forward,191,60,Italian,https://cdn-icons-png.flaticon.com/512/197/197626.png,No,17,1201,3,3,8,10
Player 382,/test-player.png,190,Defender,176,96,Argentinian,https://cdn-icons-png.flaticon.com/512/197/197573.png,No,12,920,5,2,6,43
Player 383,/test-player.png,127,Midfielder,189,60,Dutch,https://cdn-icons-png.flaticon.com/512/197/197441.png,No,19,437,1,1,2,31
Player 384,/test-player.png,270,Goalkeeper,192,75,Argentinian,https://cdn-icons-png.flaticon.com/512/197/197573.png,No,4,177,5,2,6,16
Player 385,/test-player.png,101,Defender,196,82,Portuguese,https://cdn-icons-png.flaticon.com/512/197/197463.png,No,16,194,5,1,7,34
Player 386,/test-player.png,534,Defender,173,74,Brazilian,https://cdn-icons-png.flaticon.com/512/197/197386.png,No,18,379,5,1,2,22
Player 387,/test-player.png,546,Midfielder,193,93,German,https://cdn-icons-png.flaticon.com/512/197/197571.png,No,17,1364,9,1,2,38
Player 388,/test-player.png,186,Goalkeeper,183,62,Argentinian,https://cdn-icons-png.flaticon.com/512/197/197573.png,No,12,311,7,3,5,48
Player 389,/test-player.png,431,Midfielder,185,83,Spanish,https://cdn-icons-png.flaticon.com/512/197/197593.png,No,3,893,3,3,6,29
Player 390,/test-player.png,453,Defender,188,96,French,https://cdn-icons-png.flaticon.com/512/197/197560.png,No,2,731,3,0,3,0
Player 391,/test-player.png,513,Forward,197,83,Argentinian,https://cdn-icons-png.flaticon.com/512/197/197573.png,No,2,490,9,0,4,6
Player 392,/test-player.png,404,Defender,199,69,French,https://cdn-icons-png.flaticon.com/512/197/197560.png,No,1,1311,4,4,1,37
Player 393,/test-player.png,146,Defender,176,83,Argentinian,https://cdn-icons-png.flaticon.com/512/197/197573.png,No,5,1111,7,3,7,0
Player 394,/test-player.png,517,Midfielder,198,90,Dutch,https://cdn-icons-png.flaticon.com/512/197/197441.png,No,15,1463,8,4,0,30
Player 395,/test-player.png,586,Forward,192,60,German,https://cdn-icons-png.flaticon.com/512/197/197571.png,No,8,782,2,3,9,33
Player 396,/test-player.png,120,Forward,171,61,Argentinian,https://cdn-icons-png.flaticon.com/512/197/197573.png,No,1,1482,7,3,8,11
Player 397,/test-player.png,545,Midfielder,176,63,Argentinian,https://cdn-icons-png.flaticon.com/512/197/197573.png,No,3,250,1,3,4,6
Player 398,/test-player.png,344,Defender,195,93,Spanish,https://cdn-icons-png.flaticon.com/512/197/197593.png,No,12,1018,3,4,2,16
Player 399,/test-player.png,227,Defender,178,60,German,https://cdn-icons-png.flaticon.com/512/197/197571.png,No,5,852,1,1,5,30
Player 400,/test-player.png,430,Forward,176,85,Dutch,https://cdn-icons-png.flaticon.com/512/197/197441.png,No,12,452,6,0,4,31
Player 401,/test-player.png,343,Defender,179,99,Argentinian,https://cdn-icons-png.flaticon.com/512/197/197573.png,No,4,1087,4,2,5,41
Player 402,/test-player.png,240,Midfielder,187,72,Italian,https://cdn-icons-png.flaticon.com/512/197/197626.png,No,10,993,4,0,1,35
Player 403,/test-player.png,539,Forward,176,89,Argentinian,https://cdn-icons-png.flaticon.com/512/197/197573.png,No,15,1229,7,0,1,30
Player 404,/test-player.png,259,Defender,168,99,Spanish,https://cdn-icons-png.flaticon.com/512/197/197593.png,No,7,616,1,3,3,35
Player 405,/test-player.png,230,Forward,195,67,Italian,https://cdn-icons-png.flaticon.com/512/197/197626.png,No,10,1259,5,3,9,42
Player 406,/test-player.png,490,Defender,189,98,Portuguese,https://cdn-icons-png.flaticon.com/512/197/197463.png,No,9,1139,3,1,7,40
Player 407,/test-player.png,304,Forward,181,70,French,https://cdn-icons-png.flaticon.com/512/197/197560.png,No,0,1078,3,2,7,16
Player 408,/test-player.png,365,Midfielder,170,64,Italian,https://cdn-icons-png.flaticon.com/512/197/197626.png,No,18,668,4,1,0,10
Player 409,/test-player.png,395,Goalkeeper,172,69,Argentinian,https://cdn-icons-png.flaticon.com/512/197/197573.png,No,8,1270,3,2,9,30
Player 410,/test-player.png,272,Midfielder,192,83,French,https://cdn-icons-png.flaticon.com/512/197/197560.png,No,13,993,5,3,7,41
Player 411,/test-player.png,528,Defender,175,82,French,https://cdn-icons-png.flaticon.com/512/197/197560.png,No,19,1103,1,3,7,5
Player 412,/test-player.png,388,Midfielder,191,91,Brazilian,https://cdn-icons-png.flaticon.com/512/197/197386.png,No,15,879,3,4,5,31
Player 413,/test-player.png,183,Goalkeeper,195,93,German,https://cdn-icons-png.flaticon.com/512/197/197571.png,No,2,627,3,0,6,30
Player 414,/test-player.png,578,Defender,198,89,German,https://cdn-icons-png.flaticon.com/512/197/197571.png,No,16,247,9,1,4,39
Player 415,/test-player.png,292,Midfielder,169,73,Spanish,https://cdn-icons-png.flaticon.com/512/197/197593.png,No,19,389,6,1,3,45
Player 416,/test-player.png,210,Midfielder,198,93,Argentinian,https://cdn-icons-png.flaticon.com/512/197/197573.png,No,10,536,6,0,1,44
Player 417,/test-player.png,140,Midfielder,175,86,Italian,https://cdn-icons-png.flaticon.com/512/197/197626.png,No,15,409,4,4,3,7
Player 418,/test-player.png,384,Midfielder,199,68,Dutch,https://cdn-icons-png.flaticon.com/512/197/197441.png,No,19,446,6,4,2,25
Player 419,/test-player.png,366,Midfielder,197,90,German,https://cdn-icons-png.flaticon.com/512/197/197571.png,No,2,1211,6,4,1,32
Player 420,/test-player.png,301,Forward,189,74,Argentinian,https://cdn-icons-png.flaticon.com/512/197/197573.png,No,4,698,3,1,4,4
Player 421,/test-player.png,172,Goalkeeper,199,92,French,https://cdn-icons-png.flaticon.com/512/197/197560.png,No,8,195,8,4,2,2
Player 422,/test-player.png,527,Forward,177,68,Brazilian,https://cdn-icons-png.flaticon.com/512/197/197386.png,No,5,130,2,0,9,30
Player 423,/test-player.png,153,Goalkeeper,168,75,Italian,https://cdn-icons-png.flaticon.com/512/197/197626.png,No,10,290,6,0,3,31
Player 424,/test-player.png,337,Midfielder,182,74,French,https://cdn-icons-png.flaticon.com/512/197/197560.png,No,17,269,5,4,3,35
Player 425,/test-player.png,205,Goalkeeper,179,90,Brazilian,https://cdn-icons-png.flaticon.com/512/197/197386.png,No,0,653,9,2,5,1
Player 426,/test-player.png,338,Defender,190,94,Brazilian,https://cdn-icons-png.flaticon.com/512/197/197386.png,No,9,782,7,4,1,44
Player 427,/test-player.png,502,Defender,178,60,Italian,https://cdn-icons-png.flaticon.com/512/197/197626.png,No,6,348,0,1,8,45
Player 428,/test-player.png,100,Forward,179,99,Portuguese,https://cdn-icons-png.flaticon.com/512/197/197463.png,No,10,231,7,2,2,16
Player 429,/test-player.png,252,Forward,188,87,Dutch,https://cdn-icons-png.flaticon.com/512/197/197441.png,No,6,921,7,4,1,24
Player 430,/test-player.png,420,Midfielder,175,61,Argentinian,https://cdn-icons-png.flaticon.com/512/197/197573.png,No,8,1145,5,2,2,38
Player 431,/test-player.png,158,Goalkeeper,167,87,German,https://cdn-icons-png.flaticon.com/512/197/197571.png,No,16,956,8,2,3,34
Player 432,/test-player.png,466,Defender,199,88,German,https://cdn-icons-png.flaticon.com/512/197/197571.png,No,16,545,7,4,4,21
Player 433,/test-player.png,448,Forward,179,80,Portuguese,https://cdn-icons-png.flaticon.com/512/197/197463.png,No,12,513,2,0,4,39
Player 434,/test-player.png,491,Forward,171,87,Dutch,https://cdn-icons-png.flaticon.com/512/197/197441.png,No,0,312,4,3,2,13
Player 435,/test-player.png,396,Goalkeeper,176,93,Argentinian,https://cdn-icons-png.flaticon.com/512/197/197573.png,No,18,1109,4,3,3,14
Player 436,/test-player.png,142,Forward,171,95,French,https://cdn-icons-png.flaticon.com/512/197/197560.png,No,11,800,8,1,0,7
Player 437,/test-player.png,197,Defender,175,87,French,https://cdn-icons-png.flaticon.com/512/197/197560.png,No,2,692,5,4,8,11
Player 438,/test-player.png,560,Forward,175,89,Portuguese,https://cdn-icons-png.flaticon.com/512/197/197463.png,No,4,1334,7,4,0,25
Player 439,/test-player.png,444,Defender,178,68,Dutch,https://cdn-icons-png.flaticon.com/512/197/197441.png,No,11,57,4,0,7,30
Player 440,/test-player.png,327,Goalkeeper,194,68,Portuguese,https://cdn-icons-png.flaticon.com/512/197/197463.png,No,4,795,3,3,9,9
Player 441,/test-player.png,510,Goalkeeper,180,77,Argentinian,https://cdn-icons-png.flaticon.com/512/197/197573.png,No,7,256,8,4,6,35
Player 442,/test-player.png,182,Goalkeeper,168,73,Brazilian,https://cdn-icons-png.flaticon.com/512/197/197386.png,No,3,1174,7,4,8,18
Player 443,/test-player.png,473,Midfielder,169,79,French,https://cdn-icons-png.flaticon.com/512/197/197560.png,No,14,1077,2,4,4,34
Player 444,/test-player.png,548,Forward,174,84,Brazilian,https://cdn-icons-png.flaticon.com/512/197/197386.png,No,9,163,0,4,3,22
Player 445,/test-player.png,426,Goalkeeper,174,94,Argentinian,https://cdn-icons-png.flaticon.com/512/197/197573.png,No,2,1417,7,0,3,46
Player 446,/test-player.png,119,Defender,173,72,French,https://cdn-icons-png.flaticon.com/512/197/197560.png,No,15,378,7,3,0,15
Player 447,/test-player.png,104,Midfielder,172,97,Portuguese,https://cdn-icons-png.flaticon.com/512/197/197463.png,No,12,1388,6,3,1,3
Player 448,/test-player.png,424,Midfielder,180,76,Dutch,https://cdn-icons-png.flaticon.com/512/197/197441.png,No,18,2,2,2,5,1
Player 449,/test-player.png,266,Midfielder,179,64,Argentinian,https://cdn-icons-png.flaticon.com/512/197/197573.png,No,13,704,8,0,8,32
Player 450,/test-player.png,253,Defender,167,63,Argentinian,https://cdn-icons-png.flaticon.com/512/197/197573.png,No,17,82,4,2,3,11
Player 451,/test-player.png,195,Defender,177,93,German,https://cdn-icons-png.flaticon.com/512/197/197571.png,No,8,283,1,1,7,4
Player 452,/test-player.png,410,Forward,179,63,Portuguese,https://cdn-icons-png.flaticon.com/512/197/197463.png,No,10,568,8,2,4,13
Player 453,/test-player.png,293,Forward,196,68,French,https://cdn-icons-png.flaticon.com/512/197/197560.png,No,16,86,6,3,2,47
Player 454,/test-player.png,126,Defender,199,68,Argentinian,https://cdn-icons-png.flaticon.com/512/197/197573.png,No,1,769,5,4,6,25
Player 455,/test-player.png,238,Goalkeeper,179,74,Argentinian,https://cdn-icons-png.flaticon.com/512/197/197573.png,No,12,333,1,1,5,31
Player 456,/test-player.png,306,Midfielder,166,95,Italian,https://cdn-icons-png.flaticon.com/512/197/197626.png,No,8,382,3,0,9,9
Player 457,/test-player.png,518,Midfielder,186,83,French,https://cdn-icons-png.flaticon.com/512/197/197560.png,No,0,394,4,1,0,22
Player 458,/test-player.png,549,Goalkeeper,195,61,German,https://cdn-icons-png.flaticon.com/512/197/197571.png,No,11,934,0,0,0,3
Player 459,/test-player.png,471,Midfielder,187,70,Spanish,https://cdn-icons-png.flaticon.com/512/197/197593.png,No,17,637,4,4,0,13
Player 460,/test-player.png,533,Midfielder,193,87,Argentinian,https://cdn-icons-png.flaticon.com/512/197/197573.png,No,12,558,1,1,4,49
Player 461,/test-player.png,542,Defender,183,66,Argentinian,https://cdn-icons-png.flaticon.com/512/197/197573.png,No,3,237,7,2,8,41
Player 462,/test-player.png,440,Forward,182,99,Brazilian,https://cdn-icons-png.flaticon.com/512/197/197386.png,No,18,721,4,1,9,22
Player 463,/test-player.png,288,Goalkeeper,180,82,Argentinian,https://cdn-icons-png.flaticon.com/512/197/197573.png,No,4,3,0,2,5,3
Player 464,/test-player.png,380,Defender,174,70,Argentinian,https://cdn-icons-png.flaticon.com/512/197/197573.png,No,1,782,6,1,1,3
Player 465,/test-player.png,276,Goalkeeper,168,87,Argentinian,https://cdn-icons-png.flaticon.com/512/197/197573.png,No,18,149,9,0,3,33
Player 466,/test-player.png,597,Defender,170,62,French,https://cdn-icons-png.flaticon.com/512/197/197560.png,No,13,609,8,1,4,11
Player 467,/test-player.png,118,Defender,179,84,Brazilian,https://cdn-icons-png.flaticon.com/512/197/197386.png,No,17,672,0,3,8,28
Player 468,/test-player.png,178,Goalkeeper,185,66,Dutch,https://cdn-icons-png.flaticon.com/512/197/197441.png,No,3,374,6,4,7,28
Player 469,/test-player.png,156,Defender,197,78,Spanish,https://cdn-icons-png.flaticon.com/512/197/197593.png,No,10,1176,5,0,4,12
Player 470,/test-player.png,357,Forward,173,77,Argentinian,https://cdn-icons-png.flaticon.com/512/197/197573.png,No,7,690,5,2,3,39
Player 471,/test-player.png,181,Goalkeeper,166,68,Italian,https://cdn-icons-png.flaticon.com/512/197/197626.png,No,11,699,5,1,0,32
Player 472,/test-player.png,311,Defender,193,75,Portuguese,https://cdn-icons-png.flaticon.com/512/197/197463.png,No,15,275,4,1,0,33
Player 473,/test-player.png,201,Forward,188,60,German,https://cdn-icons-png.flaticon.com/512/197/197571.png,No,10,1024,9,4,8,21
Player 474,/test-player.png,458,Forward,176,88,Dutch,https://cdn-icons-png.flaticon.com/512/197/197441.png,No,13,814,8,4,0,24
Player 475,/test-player.png,390,Forward,177,63,Spanish,https://cdn-icons-png.flaticon.com/512/197/197593.png,No,0,635,4,3,3,48
Player 476,/test-player.png,204,Defender,179,84,Argentinian,https://cdn-icons-png.flaticon.com/512/197/197573.png,No,12,1208,0,1,7,20
Player 477,/test-player.png,387,Defender,171,79,Italian,https://cdn-icons-png.flaticon.com/512/197/197626.png,No,6,114,1,1,2,32
Player 478,/test-player.png,553,Defender,193,80,Portuguese,https://cdn-icons-png.flaticon.com/512/197/197463.png,No,6,1088,1,0,8,22
Player 479,/test-player.png,332,Midfielder,180,76,Argentinian,https://cdn-icons-png.flaticon.com/512/197/197573.png,No,19,964,4,3,9,16
Player 480,/test-player.png,425,Midfielder,193,93,Argentinian,https://cdn-icons-png.flaticon.com/512/197/197573.png,No,8,223,6,0,9,42
Player 481,/test-player.png,176,Forward,179,68,Dutch,https://cdn-icons-png.flaticon.com/512/197/197441.png,No,9,999,5,2,5,11
Player 482,/test-player.png,290,Defender,185,83,Italian,https://cdn-icons-png.flaticon.com/512/197/197626.png,No,7,272,9,1,2,0
Player 483,/test-player.png,242,Forward,187,81,Italian,https://cdn-icons-png.flaticon.com/512/197/197626.png,No,18,1005,8,3,4,27
Player 484,/test-player.png,223,Forward,192,77,Argentinian,https://cdn-icons-png.flaticon.com/512/197/197573.png,No,19,754,1,2,8,6
Player 485,/test-player.png,540,Defender,193,92,Argentinian,https://cdn-icons-png.flaticon.com/512/197/197573.png,No,9,985,0,1,0,19
Player 486,/test-player.png,125,Midfielder,179,93,Argentinian,https://cdn-icons-png.flaticon.com/512/197/197573.png,No,9,10,2,4,2,49
Player 487,/test-player.png,523,Goalkeeper,166,88,Portuguese,https://cdn-icons-png.flaticon.com/512/197/197463.png,No,3,770,9,4,2,19
Player 488,/test-player.png,109,Goalkeeper,178,76,French,https://cdn-icons-png.flaticon.com/512/197/197560.png,No,4,1076,0,3,0,12
Player 489,/test-player.png,145,Goalkeeper,197,91,Argentinian,https://cdn-icons-png.flaticon.com/512/197/197573.png,No,15,31,1,1,3,39
Player 490,/test-player.png,551,Forward,170,71,Italian,https://cdn-icons-png.flaticon.com/512/197/197626.png,No,3,1221,2,3,3,0
Player 491,/test-player.png,454,Midfielder,175,94,Brazilian,https://cdn-icons-png.flaticon.com/512/197/197386.png,No,4,738,5,4,1,49
Player 492,/test-player.png,302,Goalkeeper,175,96,Argentinian,https://cdn-icons-png.flaticon.com/512/197/197573.png,No,2,54,3,4,0,1
Player 493,/test-player.png,443,Forward,179,91,Argentinian,https://cdn-icons-png.flaticon.com/512/197/197573.png,No,3,1372,5,4,9,2
Player 494,/test-player.png,589,Goalkeeper,177,97,Dutch,https://cdn-icons-png.flaticon.com/512/197/197441.png,No,7,237,9,2,8,8
Player 495,/test-player.png,462,Goalkeeper,196,88,German,https://cdn-icons-png.flaticon.com/512/197/197571.png,No,11,966,7,3,5,32
Player 496,/test-player.png,438,Goalkeeper,177,60,Dutch,https://cdn-icons-png.flaticon.com/512/197/197441.png,No,18,795,3,3,6,43
Player 497,/test-player.png,310,Defender,187,96,Spanish,https://cdn-icons-png.flaticon.com/512/197/197593.png,No,12,930,3,1,3,41
Player 498,/test-player.png,207,Midfielder,172,98,Argentinian,https://cdn-icons-png.flaticon.com/512/197/197573.png,No,0,910,4,1,2,17
Player 499,/test-player.png,159,Defender,198,63,Argentinian,https://cdn-icons-png.flaticon.com/512/197/197573.png,No,5,1306,6,2,7,4
Player 500,/test-player.png,482,Forward,179,64,Argentinian,https://cdn-icons-png.flaticon.com/512/197/197573.png,No,16,1184,6,2,3,15